{"cameraMode":{"drawMode":0,"name":"Shaded","section":"Shading Mode"},"sceneLighting":false,"audioPlay":false,"sceneViewState":{"showFog":true,"showMaterialUpdate":false,"showSkybox":false,"showFlares":true,"showImageEffects":true,"showParticleSystems":true},"in2DMode":false,"pivot":{"x":31.270000457763673,"y":201.18722534179688,"z":371.8500061035156},"rotation":{"x":0.2999832332134247,"y":0.41135361790657046,"z":-0.1454639583826065,"w":0.8483151197433472},"size":4.684852123260498,"orthographic":false}