{"cameraMode":{"drawMode":0,"name":"Shaded","section":"Shading Mode"},"sceneLighting":true,"audioPlay":false,"sceneViewState":{"showFog":true,"showMaterialUpdate":false,"showSkybox":true,"showFlares":true,"showImageEffects":true,"showParticleSystems":true},"in2DMode":false,"pivot":{"x":0.10899555683135987,"y":0.8710468411445618,"z":1.0003118515014649},"rotation":{"x":0.23141451179981233,"y":0.10425665229558945,"z":-0.024950874969363214,"w":0.9669309258460999},"size":2.7912070751190187,"orthographic":false}